X,Y,Distance,Total Displacement (m)
10.0,8.0,0.0,0.03149594475484104
10.0,9.0,1.0,0.04042600194293272
10.0,10.0,2.0,0.047320311244221536
10.0,11.0,3.0,0.052592416048446965
10.0,12.0,4.0,0.05492292752151998
10.0,13.0,5.0,0.054617789379819634
10.0,14.0,6.0,0.05238459926552841
10.0,15.0,7.0,0.04843110615502529
10.0,16.0,8.0,0.043064752582582216
10.0,17.0,9.0,0.03735765224845018
10.0,18.0,10.0,0.03130463445625902
