X,Y,Distance,Total Displacement (m)
10.0,8.0,0.0,0.03286935449624772
10.0,9.0,1.0,0.040666930361166934
10.0,10.0,2.0,0.047001756052300864
10.0,11.0,3.0,0.0518816647198507
10.0,12.0,4.0,0.0539291933025951
10.0,13.0,5.0,0.0534364961798081
10.0,14.0,6.0,0.051144431759478984
10.0,15.0,7.0,0.04717009223413566
10.0,16.0,8.0,0.04205410231982407
10.0,17.0,9.0,0.03674007794713471
10.0,18.0,10.0,0.03160682370944603
